{
  "best_val_loss": 2.040864030520121,
  "test_loss": 2.0673475735115283,
  "test_acc": 21.223709369024856
}