{
  "time_bins": ["00:00-03:00", "03:00-06:00", "06:00-09:00", "09:00-12:00", "12:00-15:00", "15:00-18:00", "18:00-21:00", "21:00-24:00"],
  "valence": {
    "mean": [0.4032443, 0.7176063, 0.5641758, 0.9520872, 0.9826917, 0.8582427, -0.0970849, 0.4032443],
    "sd": [1.7727458, 1.7727458, 1.7727458, 1.7727458, 1.7727458, 1.7727458, 1.7727458, 1.7727458]
  },
  "arousal": {
    "mean": [0.0432087, -0.010419, 0.0338587, -0.1825166, -0.5044461, -0.582061, -0.8619811, 0.0432087],
    "sd": [1.7573619, 1.7573619, 1.7573619, 1.7573619, 1.7573619, 1.7573619, 1.7573619, 1.7573619]
  }
}
