{
  "time_bins": ["00:00-03:00", "03:00-06:00", "06:00-09:00", "09:00-12:00", "12:00-15:00", "15:00-18:00", "18:00-21:00", "21:00-24:00"],
  "valence": {
    "mean": [0.8224377, -0.0692153, 0.4374665, 0.4049787, 0.7194038, 0.5654488, 0.9536326, 0.8224377],
    "sd": [1.7654308, 1.7654308, 1.7654308, 1.7654308, 1.7654308, 1.7654308, 1.7654308, 1.7654308]
  },
  "arousal": {
    "mean": [-0.5807242, -0.9447528, -0.3269802, 0.0405671, -0.0134142, 0.0310348, -0.1846471, -0.5807242],
    "sd": [1.7479127, 1.7479127, 1.7479127, 1.7479127, 1.7479127, 1.7479127, 1.7479127, 1.7479127]
  }
}
