{
  "best_val_loss": 4.11488963618423,
  "test_loss": 4.157741423809167,
  "test_acc": 20.219885277246654
}