{
  "best_val_loss": 2.0430924892425537,
  "test_loss": 2.0721392487034653,
  "test_acc": 21.032504780114724
}