{
  "best_val_loss": 2.0623844265937805,
  "test_loss": 2.036852209007039,
  "test_acc": 20.018885741265343
}