{
  "best_val_loss": 2.052454620827245,
  "test_loss": 2.0623551188534455,
  "test_acc": 21.032504780114724
}