{
  "best_val_loss": 1.9911495082908206,
  "test_loss": 2.0549660987324185,
  "test_acc": 17.95774647887324
}