{
  "best_val_loss": 2.049656134663206,
  "test_loss": 2.0790204387722593,
  "test_acc": 19.02485659655832
}