{
  "best_val_loss": 2.021860628417044,
  "test_loss": 2.057157556215922,
  "test_acc": 21.414913957934992
}