{
  "best_val_loss": 2.072691987542545,
  "test_loss": 2.0459543852245106,
  "test_acc": 18.0188679245283
}