{
  "best_val_loss": 2.0378128506920556,
  "test_loss": 2.071548443852049,
  "test_acc": 20.84130019120459
}