{
  "best_val_loss": 2.0546661976611977,
  "test_loss": 2.076151967048645,
  "test_acc": 21.032504780114724
}